,rescaling factor,centers
values,406.795628969316,[410.17381624  89.925       19.55357143]
