,rescaling factor,centers
values,899.752832969316,[286.93451524  77.175       22.32142843]
