,range,$C_o$,drift equations
values,748.3314773547883,13333.333333333334,[3 3]
